threshold,pct_reached,mean_turns,median_turns,std_turns,q25_turns,q75_turns,model
5,79.88,7.487481221832749,7.0,1.235572796523946,7.0,8.0,progressive
11,86.22,7.112038970076548,7.0,1.0661295848781644,6.0,7.0,progressive
20,89.58,6.8370171913373525,7.0,0.9251851268310779,6.0,7.0,progressive
5,79.88,7.546836922049741,8.0,1.993262152873221,6.0,9.0,random
11,86.22,6.969388386298616,7.0,1.9905206631898573,6.0,8.0,random
20,89.58,6.53961449728362,7.0,1.9550722408608823,5.0,8.0,random
5,79.88,4.398597896845268,4.0,1.5732735359398353,3.0,5.0,rarity
11,86.22,3.9403850614706566,4.0,1.4317966064448189,3.0,5.0,rarity
20,89.58,3.624246483590087,3.0,1.3557321140099958,3.0,4.0,rarity
