threshold,pct_reached,mean_turns,median_turns,std_turns,q25_turns,q75_turns
5,79.88,7.546836922049741,8.0,1.993262152873221,6.0,9.0
11,86.22,6.969388386298616,7.0,1.9905206631898573,6.0,8.0
20,89.58,6.53961449728362,7.0,1.9550722408608823,5.0,8.0
