threshold,pct_reached,mean_turns,median_turns,std_turns,q25_turns,q75_turns
5,79.88,7.5452595560006674,8.0,1.9902984502781274,6.0,9.0
11,86.22,6.971027603804222,7.0,1.9877930883372688,6.0,8.0
20,89.58,6.542524372999925,7.0,1.9487542622496308,5.0,8.0
